text,timestamp,like_count,trueSentiment
happy mother day mom thank best mom grandmother taught concept giving titas constantly reminding keep faith lord madam leni robredo giving much hope better tomorrow,2022-05-07 23:59:59,1,pos
im cry vp leni win,2022-05-07 23:59:50,10,neut
thank rajiv,2022-05-07 23:59:39,0,neut
rooting silent majority need leni,2022-05-07 23:59:34,0,neut
havent even vp lenis rally feel allowed,2022-05-07 23:59:34,2,neut
leni love point gotta call cop bruv,2022-05-07 23:59:34,0,neut
abah mana sa idol strength right there election yet win dont use coke often thats stupid loser babym hit even though count 3 time still lose,2022-05-07 23:59:33,1,neg
shes exhausted tired due heat tarpaulin covering half body one reason supporter reason leni would fail,2022-05-07 23:59:22,0,neg
im one supporting leni house imagine hear everyday,2022-05-07 23:59:21,0,neut
unithieves seems tendency pay lenikiko participate voluntarily may believe paid concept volunteerism paid artist already outdated hahaha squammy,2022-05-07 23:59:21,1,neut
leni kiko win motto respect opinion popular side candidate become invoke right self incrimination clean government,2022-05-07 23:59:11,2,neut
bkt join c leni smni debate hope face c bbm prof carlos n smart,2022-05-07 23:59:11,0,neut
lord please guide everyone monday may goodness win let leni kiko win,2022-05-07 23:59:06,8,pos
1st break leni,2022-05-07 23:58:58,0,neut
cousin lss already rose let go pls,2022-05-07 23:58:55,1,neut
drug user leni,2022-05-07 23:58:55,0,neut
dear filipino even michael jordan scottie pippen needed elite supporting cast let forget vote lenikikos supporting cast senatorial slate,2022-05-07 23:58:42,0,neut
history making 1m supporter vp leni meeting de avance makati,2022-05-07 23:58:27,0,neut
thought iskonians campaign cool said theyre moving end still hit vp leni even though shes paying attention maybe he hotheaded he ignored,2022-05-07 23:58:26,8,neut
ive readheard many speech ive written say vp lenis speech makati mda definitely one best speech ever writtenand delivered,2022-05-07 23:58:22,2,pos
today watch,2022-05-07 23:58:14,0,neut
medic leni,2022-05-07 23:58:12,0,neut
anxiety week election retdem week even fail retdem ok long pres leni robredo vp kiko pangilinan im ok,2022-05-07 23:58:07,6,neut
im nervous tomorrow election high hope leni win president kiko vicepresident,2022-05-07 23:58:03,0,neut
say hakot one paid hahaha made volunteer leni camp,2022-05-07 23:58:02,1,neut
replied pork samgy grad pic vp leni hahahahaha,2022-05-07 23:58:02,0,neut
disrespectful supreme court decided case favor leni dont believe highest court land believe face book tik tok read get healed shame read may god bless,2022-05-07 23:57:59,1,neg
never heard prrd say leni stronger possible,2022-05-07 23:57:56,0,neut
throw drinking leni okay byee,2022-05-07 23:57:56,1,neut
yikes,2022-05-07 23:57:55,1,neg
youre cute dont miss leni also steal stupid junkshop public teacher,2022-05-07 23:57:49,0,neut
last night drink discussed lenis platform told vote leni long vote diokno ta colmenares senator,2022-05-07 23:57:49,1,neut
nope see post btc call week munger,2022-05-07 23:57:45,0,neut
back hurt leni,2022-05-07 23:57:33,0,neg
least may 9 vp leni spend time girl daughter,2022-05-07 23:57:27,8,neut
preelection anxiety vp leni dont worry make win,2022-05-07 23:57:21,10,neut
bbm youre pretending youre still bbm youre still,2022-05-07 23:57:05,0,neut
bbmsara lenikiko wont win friend right lavern philippine,2022-05-07 23:57:05,1,neg
happy mother day mama leni,2022-05-07 23:57:05,0,pos
dont understand pulling number 2 leni candidate order win defeat number 1 bbm arent surprised said different heh he really different everyone else stupid,2022-05-07 23:57:00,31,neg
280k barako leni kiko batangas grand rally rally lipa isko proclamation rally local candidate,2022-05-07 23:56:52,0,neut
look like press fresh vp lenis campaign trail one seems like enough cover camera throw away oh wait actually happened,2022-05-07 23:56:52,0,neut
supporter dont waste vote instead give vote vp leni robredo kiko pangilinan,2022-05-07 23:56:46,2,neut
daddy lenikiko,2022-05-07 23:56:33,2,neut
pre den te leni robredo,2022-05-07 23:56:33,0,neut
good morning thirsty good governance lenikiko,2022-05-07 23:56:26,1,pos
dont waste leni robredo losing loss loss one like,2022-05-07 23:56:26,0,neg
cry leni kiko,2022-05-07 23:56:22,0,neut
atheist prayed lenikiko,2022-05-07 23:56:20,3,neut
said included masterlist leni tarp seen front house person brgy went around dont pay,2022-05-07 23:56:14,0,neut
shes favor environmental protection since want take care homeclean renewable energy,2022-05-07 23:56:00,0,pos
close stage stumbled upon paseo center led screen working leni kiko,2022-05-07 23:55:58,0,neut
dont understand office mate capacity choose chel robin still choose blengbong leni,2022-05-07 23:55:46,1,neg
greeting compatriot return home province vote vp leni thank sacrifice dedication people,2022-05-07 23:55:24,0,pos
cry lenikiko,2022-05-07 23:55:22,0,neut
didnt show drug test result leni dba,2022-05-07 23:55:18,0,neg
asala sambandam leni dantlo velupetti without thinking consequence ala matladtam chala tappu oka star hero poster medha gave biggest blockbuster back back movie moment started disliking ah vishyam tho polste migatha valavi chinnave,2022-05-07 23:55:11,0,neut
vico smart joy belmonte feel leni vp lose,2022-05-07 23:55:11,1,neut
people edsa side pioneer delivered shaw side leni,2022-05-07 23:55:03,2,neut
happy mother day mom aunt nora mom leni,2022-05-07 23:54:57,0,pos
happy mother day mom sister mommy friend wish leni robredo kiko pangilinan vico sotto win,2022-05-07 23:54:52,1,pos
go vote leni dont rude yet,2022-05-07 23:54:50,0,neut
vp leni pls win 10,2022-05-07 23:54:49,0,neut
voice today yesterday shouting leni,2022-05-07 23:54:49,7,neut
youre going squirm vp lenis focus bottom look personal life compared compare house hope win thats dont place atty lopez replace slowly,2022-05-07 23:54:42,0,neut
super smart babbling hahshshahahahahaha said even win streak ph sa miss u broken long vp leni win,2022-05-07 23:54:42,2,pos
happy mother day mom lodi vote leni labyu,2022-05-07 23:54:41,0,pos
im happy found another ally family lola leni,2022-05-07 23:54:39,2,pos
sai da conta andre vei,2022-05-07 23:54:37,0,neut
omg embarrassing,2022-05-07 23:54:34,1,neg
manifesting leni win,2022-05-07 23:54:34,20,neut
leni represents good governance,2022-05-07 23:54:32,0,pos
didnt watch leni reifenstahls film either,2022-05-07 23:54:28,0,neg
leni neighbor huhu,2022-05-07 23:54:23,0,neut
dont script discus lenis platform want like back manufacturing unemployment benefit choose want im stupid like everything thief liar brain absorb information,2022-05-07 23:54:23,0,neg
grandmother still fought solid bbm hahahaha get leni,2022-05-07 23:54:23,0,pos
leni kiko really evil,2022-05-07 23:54:22,0,neg
ok leni neighbor,2022-05-07 23:54:19,1,neut
j mostrei deimais meu rosto na redes sociais agora chega,2022-05-07 23:54:15,0,neut
sitting vice president fine record public service taint corruption paper leni robredo dream candidate word bbc news,2022-05-07 23:54:09,0,neut
didnt leni go davao know one come rally inday sara mayor davao,2022-05-07 23:54:07,2,neut
huhu heart lenis favorite cousin husband well tito yes congratulated haha one older cousin close bbm huhu ga leni lutang2 siya poga disappointed surprised im trying convert another cousin mine,2022-05-07 23:54:06,1,neut
lot impression,2022-05-07 23:54:03,0,neut
stop crack useless vp leni elistist watch learn,2022-05-07 23:53:54,55,neg
edi sanaol went lenis makati rally ampotchi ang lapi lapi lng nmn bat didnt allow,2022-05-07 23:53:50,0,neut
going church leni yiiee,2022-05-07 23:53:47,0,neut
turned 1 million reached last night im proud say one stood ground vp lenis meeting de avance,2022-05-07 23:53:43,0,pos
leni win,2022-05-07 23:53:42,1,neut
said didnt become aware sin close eye bbm know belief religion cyst basis people country wake dont know like love want open eye jeng know leni,2022-05-07 23:53:40,2,neut
lol lack understanding tired speaking leni since presscon let leni withdraw said blaming others action ahaay,2022-05-07 23:53:34,7,neg
putanginang hard people novaliches kyusi yesterday bus lenikiko going rally good find way still arrived,2022-05-07 23:53:24,8,pos
scared len hype mom think differently leni,2022-05-07 23:53:20,0,neut
lenis house simple expensive village cheapest property compared presidentiables donated marawi money given election protest rather saving made think open mouth,2022-05-07 23:53:19,131,neut
cry leni,2022-05-07 23:53:17,1,neut
itna protest ki jagah kuxh study kr leni thi,2022-05-07 23:53:03,0,neut
yes leni rag,2022-05-07 23:53:03,3,neut
good luck vp leni,2022-05-07 23:52:56,3,pos
worked know broken fixed,2022-05-07 23:52:27,0,neut
,2022-05-07 23:52:24,1,neut
see ayala mall manila bay full bbmies leni still wearing yellow mask white polo shirt,2022-05-07 23:52:20,0,neut
hahahahahahahaha lenis volunteer say bbm hauling laugh work,2022-05-07 23:52:19,0,neut
happy friend dota2 voted vp leni,2022-05-07 23:52:15,0,pos
goosebump,2022-05-07 23:52:07,0,neut
ready attack vp leni bitter,2022-05-07 23:52:03,6,neut
im already mentally stable didnt cry almost 10 month watched meeting de avance literally cried idk feel really need vp leni scared ever vp leni doesnt win hopefully cant,2022-05-07 23:51:54,0,neut
thanks dignity stand one lenikiko win,2022-05-07 23:51:53,0,pos
aa m mau wrob endorsed vp leni,2022-05-07 23:51:51,0,neut
wont feel leni said read scripted heart,2022-05-07 23:51:47,0,neut
claiming nman eh na tarlac leni jusko gurl wake upyou loser hahahaha len len loser,2022-05-07 23:51:23,0,neg
uncle went ping isko leni yaass,2022-05-07 23:51:22,2,neut
notice lot people breaking law election season yet one worship madumb cant even called expecting chaotic philippine leni win bcos sure rule,2022-05-07 23:51:22,4,neg
way aroundleni upset bebem stronghold,2022-05-07 23:51:18,1,neut
ill breakdown long vp leni defeated,2022-05-07 23:51:16,1,neut
good morning namam taxi driver dd ar marcos apologist hahahaha said philippine going crazy leni many supporter say aquino hahaha,2022-05-07 23:51:05,0,pos
didnt go authority medium investigated hey politician matter give money dont tell c leni pacquiao isko etc dont give story thats dont clean oh,2022-05-07 23:51:04,0,neg
mannygt,Leni fax,2022-05-07 23:51:01,neut
woke cry dream screaming lenikiko election scary,2022-05-07 23:50:56,1,neg
update sir invented,2022-05-07 23:50:47,1,neut
think gray outline good well darker color,2022-05-07 23:50:44,0,pos
exit poll conducted msms try establish winning trend leni let u vigilant,2022-05-07 23:50:30,0,neut
kpop stan miss era filo kpop stans always arguing first time history united show filipino leni robredo deserves born philippine,2022-05-07 23:50:26,4,neut
cried early morning haha election anxiety real im feeling hopeful leni leader deserve aspire really hope filipino let miss,2022-05-07 23:50:19,0,pos
among lenis child tried snatch valedictorian real valedictorian,2022-05-07 23:50:10,0,neut
died president leni would new president shes vp country wah gago great super iconic pala non ever happened like woman lead country,2022-05-07 23:50:09,0,pos
ta gagi confessed privileged enough register vote first time registered leni generation candidate didnt want waste right vote,2022-05-07 23:50:03,1,neut
leni win study promise hahahaha,2022-05-07 23:50:00,10,pos
god bless mom three daughter godbless filipino people thirst good governance godbless philippine rightful leader lord jesus pray bless leni robredo kiko pangilinan next president vice president,2022-05-07 23:49:59,0,pos
theyre really amazing longer involved hahahaha percentage leni kiko win really place pllss lord mayta indeed,2022-05-07 23:49:58,1,pos
see leader like vp leni robredo let waste together opportunity raise country people,2022-05-07 23:49:55,1,neut
fire face lenikiko,2022-05-07 23:49:45,0,neut
hahahah know lenis supporter ruining image also way act way lied obvious vote choice dont dictate others,2022-05-07 23:49:30,0,neg
im really happy didnt force came final decision pink tt ping isko leni ping isko really end game leni even month may,2022-05-07 23:49:28,0,pos
hahahahaha funny post something antileni call tag respect opinion pls respect dafuq thats vote cocaine addict hahahahaha,2022-05-07 23:49:22,18,neut
turn maam leni character speech candidate last night said last day campaign last whistle destruction hey,2022-05-07 23:49:18,2,neut
let leni lead vote president second choice lacson,2022-05-07 23:49:14,0,neut
pabigat na pisan calling leni porridge bb didnt even graduate high school lazy lazy study,2022-05-07 23:49:11,2,neg
hahahahaha mother leni great artist,2022-05-07 23:49:06,1,pos
leni win ttbe,2022-05-07 23:49:04,10,neut
happy mother day mama leni miss campaign love u,2022-05-07 23:49:02,0,pos
thick face use duterte surname shout leni kiko,2022-05-07 23:48:59,0,neut
artist attended vp leni last night star struck miss u catriona gray anne curtis beautiful,2022-05-07 23:48:56,11,pos
,2022-05-07 23:48:52,0,neut
isko right leni bbm involved life poor let vote isko red pink,2022-05-07 23:48:52,6,neut
really vocal person election support vote forbut im proud say leni,2022-05-07 23:48:19,1,pos
bike hurry home eheheh bike still holding leni light ehehehe,2022-05-07 23:48:12,1,pos
ketamine addict leni kiko,2022-05-07 23:48:09,1,neut
leni may 9th tired abunado volunteer,2022-05-07 23:48:08,1,neut
manny held rally tacloban lenis single poster rtr plaza removed held rally removed thats youre outdone rag,2022-05-07 23:48:07,236,neg
good morning guy attended president lenis advance meeting last night hope safe go home,2022-05-07 23:47:59,0,pos
posted fb l rally laguna picture sen kiko vp leni going post case embarrassed dont permission even posted cousin fb account,2022-05-07 23:47:56,0,neg
luh recounted three time leni gotten better lol mind conditioning,2022-05-07 23:47:54,1,pos
happy mother day vp leni,2022-05-07 23:47:47,0,pos
good morning kakampinksguys dont cry morning guysbut okwe know win thissee u 9 kakampinksgod blessmadam sir kikofrm angeles city,2022-05-07 23:47:45,0,pos
papa mama telling story passing neighbor madam leni voted lt,3 :((,2022-05-07 23:47:44,neut
luhh take mom boplaks think leni engkantada world magic jusq think like,2022-05-07 23:47:40,0,neut
campaign period end want express utmost gratitude respect volunteer rpc especially youth leni nueva vizcaya awesome although participate h2h campaign proud stand,2022-05-07 23:47:31,2,pos
way leni economy leni grow pinas going lose dhl alm nya pgcompute 4 x 40 1600 want fight president take revenge marcosso bother serve4 x 40 1600 4 x 40 1600 4 x 40 1600,2022-05-07 23:47:29,0,neut
tore duterte streamer someone put using wall back 2016 haha time im proud say dont neighborhood fake news town leni dominates,2022-05-07 23:47:28,3,neut
happy mother day tomorrow let win madam leni robredo,2022-05-07 23:47:23,36,pos
elevator going unit met 2 chilltop boy bbm girl even vp leni doesnt run wont vote even dont vote he one even sister drunk know vote,2022-05-07 23:47:17,1,neut
iskos one vlogger right 8 month enough negate issue thrown vp leni dd bbm vloggers good demolition job leni sad,2022-05-07 23:47:17,1,neut
come sleep wake cry heyy everyone uniting lenikiko,2022-05-07 23:47:15,1,neut
cried lenikiko,2022-05-07 23:47:11,1,neut
papped placard kong haggard leni pasend sakjn hsjahshshshahah,2022-05-07 23:47:08,0,neut
jillrobredo,2022-05-07 23:47:07,0,neut
come family maam leni hmm,2022-05-07 23:47:04,0,neut
anxiety given election 2022 severe like thank vp leni waking filipino let fight filipino philippine,2022-05-07 23:47:03,4,neut
story tell since first time voted 1992 never anything like movement support people initiative camaraderie time came stood vp leniand good thing family stood,2022-05-07 23:46:59,949,pos
happy mother day leni robredo,2022-05-07 23:46:59,0,pos
blengblong supporter one say young people others voter say lenis supporter come back defeated say young people,2022-05-07 23:46:57,1,neut
super excited vote tomorrow proud say first vote leni kiko future female im claiming tip first time voter god bless philippine,2022-05-07 23:46:57,3,pos
yesterday left wallet cashier saying word brother ill leave case think going lenikiko,2022-05-07 23:46:39,0,neut
im literally cry right nowlenikiko win,2022-05-07 23:46:39,4,neut
dad vote leni want vote bbm say vote leni embarrassing huhuhu heart happy leni promised vote,2022-05-07 23:46:32,5,neut
meeting de avance topic leni mayor trying hard relevant super turn,2022-05-07 23:46:30,1,neut
spot mam leni really really,2022-05-07 23:46:23,0,neut
think leni hard time writing concession speech,2022-05-07 23:46:17,0,neut
said leni bobo leni lutang ok lol happy mother day,2022-05-07 23:46:10,0,pos
priest church earlier straight told ppl vote leni started homily dont vote thief gagee yan fatherr love naa respect bravery,2022-05-07 23:46:09,3,neut
funny changed dp lenikiko last wed clan started change dp well 88m lmao,2022-05-07 23:46:00,0,neut
leni robredo 17th president philippine cutie,2022-05-07 23:45:51,1,pos
unfavorite child leni,2022-05-07 23:45:41,6,neut
come papa im going go mom fun hahahh,2022-05-07 23:45:38,0,pos
yall like respect po yall cant accept theyre voting leni instead theyre voting president rest bullying mocking saying insensitive thing happened,2022-05-07 23:45:37,0,neg
gma news parent company pro leni kiko,2022-05-07 23:45:35,0,neut
know vp leni sen kiko win volunteerism see rally today even worse see leadership lot support people carried hope fear,2022-05-07 23:45:35,5,neg
lack sleep lenikiko,2022-05-07 23:45:34,1,neut
seeing tweet lenis mda today terrible lord please let lenikiko,2022-05-07 23:45:31,2,neg
correct found apply self madam leni,2022-05-07 23:45:30,0,neut
im sad heart havent seen vp leni anymore didnt come stage donbelle even though program hmp,2022-05-07 23:45:27,0,neg
lord pls dont want leni best president never pt 2 country hope,2022-05-07 23:45:04,4,neg
leni still want put modernization transportation hold done time think,2022-05-07 23:45:04,0,neut
bbm leni pink red green wrong thought patient health welcome infection sepsis,2022-05-07 23:44:53,0,neg
everyone back home sleep leni haha,2022-05-07 23:44:51,3,neut
walked leni u,2022-05-07 23:44:51,0,neut
love president leni first time entire life concerned election whole people hoping right leader country,2022-05-07 23:44:48,1,pos
dont leni huhuhuhu,2022-05-07 23:44:41,1,neut
happy mother day mom dad sister brother aunt uncle grandma grandpa madam leni,2022-05-07 23:44:39,0,pos
oh cge dont want cry many leni 50 registered meanwhile kay bbm solid voter 90,2022-05-07 23:44:39,0,neut
sayoha pa buntag oy papa seg patukar leni,2022-05-07 23:44:13,0,neut
thats true shown iskotertes event iskoterte nothing throw vp leni fight red yellow,2022-05-07 23:44:00,6,neut
blind boy posted fb supporter bbm cant repeat girl said girl mother saw able speak one child committed suicide teacher leni supporter null justice,2022-05-07 23:43:56,1,neg
family talk leni supporter family brother said college taught u marcos bad least really sin college teach u truth,2022-05-07 23:43:47,2,neg
someone fixture last night area leni kiko tarp almost every post still accross road others quiet leni kiko also knocked gate door,2022-05-07 23:43:46,223,neut
nice ride free think leni win mrt go back normal,2022-05-07 23:43:32,1,pos
solid bbm officemate said voter go lenis rally know almost half registered voter today young people energy rally brought may 9,2022-05-07 23:43:28,8,neut
also want post raised strong woman like leni since mother day today mother bbm,2022-05-07 23:43:26,1,neut
happy birthday sir thanks helping vp leni,2022-05-07 23:43:23,0,pos
leni loses would hated ping isko,2022-05-07 23:43:20,0,neg
wow maam leni marcos jr thats good man,2022-05-07 23:43:12,6,pos
confirms suspected along maybe ran reduce lenis vote bec wasnt criticizing supposed frontrunner doesnt make sense,2022-05-07 23:43:11,72,neg
everybody know created acct support lenikiko since could support using real acct national government employee honor fight,2022-05-07 23:43:11,64,neut
ran away caught parent leni lt,3,2022-05-07 23:43:09,neut
saw video tiktok duterte endorsed leni speech,2022-05-07 23:43:03,0,neut
got stuck makati last night fine leni,2022-05-07 23:42:57,1,neut
im ready castigate administration soon pres leni soon vp kiko,2022-05-07 23:42:57,0,neut
vote correctly invalidated look happened recounted vp lenis vote 2016 vote longer counted thats 16k careful careful vote counted,2022-05-07 23:42:53,4,neut
haul pay one installed wrong president happens hey poor philippine please let leni kiko,2022-05-07 23:42:48,0,neg
video lenikikos makati meeting de avance giving goosebump,2022-05-07 23:42:41,0,neut
leni win,2022-05-07 23:42:32,0,neut
thank much,2022-05-07 23:42:31,0,pos
leni win really cry bbm tangina moo,2022-05-07 23:42:27,0,neut
cried lot last night especially vp leni thanked everyone h2h,2022-05-07 23:42:11,1,pos
let go leni,2022-05-07 23:42:04,0,neut
got home good morning everyone proud self happy part 9500 people last night last campaign rally mami leni much fun philippine let vote wisely,2022-05-07 23:41:58,2,pos
even dont sleep leni win,2022-05-07 23:41:55,4,neut
strength bbm provoke leni isko comment post wife get upset delete post engaging discussion candidate fight last time told he full clout,2022-05-07 23:41:54,14,neg
potangina lenikiko cry 6 year,2022-05-07 23:41:50,0,neut
mom loren legarda challenge mommy issue madam leni,2022-05-07 23:41:48,1,neut
yes hubaderos leni,2022-05-07 23:41:47,0,neut
good morning ulet leni kiko,2022-05-07 23:41:46,1,neut
president leni amp, vice president kiko üå∑ i-claim na natin 'yan,2022-05-07 23:41:44,neut
dont waive im sure company leni,2022-05-07 23:41:41,187,neut
let reverse im reverse used like leni 2016 hate bbm really dont like marcos either today case im anyone leni hate leni bbm anyway respect choice hope respect mine reason,2022-05-07 23:41:30,0,neg
uncle q bbm even 9yrs old cousin really teased leni porridge bc favor madam funny kid still brain compared forty still swallow,2022-05-07 23:41:25,0,neut
good morning grab driver said leni tayo maam leni tayo saw tarp gate,2022-05-07 23:41:17,7,neut
difference duterte wasnt target massive disinformation could people searching lenis edited misleading video hope wrong,2022-05-07 23:41:12,177,neg
among appointed official responsible tomorrow big event duterte even related marcos dont believe prrd really gonna ensure clean fair election never trust word he always lying hope time real,2022-05-07 23:41:08,1,neg
im little worried might happen tomorrow comelec failing gain trust time imagine vehicle use deliver material election tomorrow uniteam tarp worrying add,2022-05-07 23:41:07,1,neg
ahh hoping leni win huhu,2022-05-07 23:40:59,0,pos
relax leni win please hug friend let realize made best choice country,2022-05-07 23:40:56,0,pos
haha mama leni contagious,2022-05-07 23:40:55,0,neut
dont vote leni pay attention fake,2022-05-07 23:40:50,1,neg
dad cute he super excited lenis victory party asked take leave advance go together please philippine wise,2022-05-07 23:40:41,12,pos
leni even compared zelensky guy really laughing,2022-05-07 23:40:35,0,neut
happy mother day single mom like mama vp leni sen risa salute,2022-05-07 23:40:23,5,pos
hey found vp leni phone hide,2022-05-07 23:40:22,0,neut
like believed lenikiko tandem love philippine need reclaim country need leader truly trust im proud even though im simple citizen part continue support complete 6 year,2022-05-07 23:40:16,88,pos
desired order government peaceful future let go lenikiko tomorrow,2022-05-07 23:40:06,0,neut
cry early morning seeing highlight vp lenis campaign,2022-05-07 23:40:04,3,neut
lenikikos mda yesterday mostly twitter open noticed,2022-05-07 23:39:55,0,neut
noisy leni,2022-05-07 23:39:53,2,neut
people madam leni sir kiko trust,2022-05-07 23:39:41,1,neut
good morning whats official count bbm leni isko rally,2022-05-07 23:39:37,0,neut
according sister solid dutertard lbm supporter hate leni white dog say better chinese dog least asian many asian country dont know china still hate cppnpa model country chinese communist party brain,2022-05-07 23:39:31,0,neg
busy shift earlier omg great watching clip series video lenikiko wow lord hope pink troop win monday,2022-05-07 23:39:27,4,pos
woman wont leni sit seat malacaang slay madam,2022-05-07 23:39:25,0,neut
good news neighbor solid 88m said accepted 500 candidate course vote female gov including leni sharing fb work,2022-05-07 23:39:22,0,pos
hatred bullying mockery lenis classmate despair knowing bbm next president slowly killing,2022-05-07 23:39:08,2,neg
thank anne curtis showing full support vp leni amp, sen kiko meeting de avance. Gobyernong tapat angat buhay Lahat. Ipanalona10toüôèüå∏‚ô•Ô∏èüáµüá≠,2022-05-07 23:38:57,pos
one every rally one heard every promise platform project hope one convinced service offered lenikiko tandem real cant even announce publicly hope vote look,2022-05-07 23:38:54,4,neut
take care vote leni sure confirmed cheater toxic people supporter im sure survey fake 58 marcos jr real survey leni robredo counted ofw kakampink joining around world,2022-05-07 23:38:53,0,neg
leni lawyer economist public servant chicken egg,2022-05-07 23:38:50,0,neut
wishing happy mother day insult maam leni good mother pure mother wish coconut eneweys happy mudrakels dei,2022-05-07 23:38:47,0,pos
one hour sleep think happen monday im losing hope lenikiko win yes made decision hahaha,2022-05-07 23:38:41,0,neut
ill go home leni president,2022-05-07 23:38:32,7,neut
floating c leni like,2022-05-07 23:38:22,0,neut
woke immediately thought go lenikiko victory party,2022-05-07 23:38:17,0,neut
hahahahaha aunt never even opened book lenis reference parent chiismis gullible,2022-05-07 23:38:11,1,neg
vp leni threatened arent 24,2022-05-07 23:38:07,0,neut
even mainstream medium news watch effect e maybe change style apple photo ops destructive others might like 2016 also bet,2022-05-07 23:38:01,0,neut
sir dormiendo become teacher leni,2022-05-07 23:37:38,0,neut
returning home leni,2022-05-07 23:37:26,1,neut
undecided long time ping lacson one chose vote president became undecided know vote may 9,2022-05-07 23:37:24,8,neut
mau saldo dana kak semoga lancar rejekenya,2022-05-07 23:37:16,0,neut
manifesting president leni robredo cutiee,2022-05-07 23:37:12,0,pos
happy mother day everyone except mom say leni chance winning shes girl,2022-05-07 23:37:11,0,pos
sleepless leni kiko,2022-05-07 23:37:09,0,neut
let leni,2022-05-07 23:37:04,0,neut
oh,2022-05-07 23:37:02,0,neut
grandfather switching bbm leni bbm pacquiao least marcos jr despite one marcos guard,2022-05-07 23:36:57,10,neut
lyag leni gt,&gt,&gt,neut
listen leni said interview fake news,2022-05-07 23:36:50,0,neg
sure leni giving away,2022-05-07 23:36:44,0,neut
happy mother day mama leni dont feel itchy heart join u fight great love concern country love fight fight every filipino let win,2022-05-07 23:36:44,0,pos
philippine philippine win let leni win,2022-05-07 23:36:35,0,neut
leni start one saying negative thing campaign shes fake,2022-05-07 23:36:30,0,neg
leni kiko win relax,2022-05-07 23:36:24,4,neut
he god boy,2022-05-07 23:36:22,1,pos
wonder vp leni dog,2022-05-07 23:36:18,2,neut
asked receive 1k attending mda coworker said receives people attend lenis rally need proof paid stand future people,2022-05-07 23:36:13,1,neut
4 x 40 1600 island philippine 1700me kcstupid kc c leni,2022-05-07 23:36:01,0,neut
battery pack caught fire good still recovered maybe tired going around ayala anyway drone served well show filipino massive vp lenis event,2022-05-07 23:35:47,14,pos
please pray kiko pangilinan win next vice president philippine leni robredo win next president philippine jesus name,2022-05-07 23:35:42,0,pos
proud say 1 7500 people lenis meeting de avance,2022-05-07 23:35:41,1,pos
thank gab beginning end initiate energy crowd still lssed lenikiko chant know proud happy mother day greet happy mother day,2022-05-07 23:35:41,3,pos
manifesting leni sunbaenim 2nd win tomorrow,2022-05-07 23:35:28,1,neut
day 89 prayer philippine election 2022 lord please let good qualified people win presidential vice presidential seat let madam leni robredo sir kiko pangilinan win thru intercession virgin mary claiming jesus name amen,2022-05-07 23:35:13,2,pos
afam leni made laugh sshshshshskakakaka,2022-05-07 23:34:41,0,neut
lenis campaign miss era much,2022-05-07 23:34:35,5,neg
trust sharlenes choice im choosing leni bcoz shar im choosing bcoz shes less evil candidate im wrong wont tolerate ill stand nation sake president vp leni dont break trust,2022-05-07 23:34:34,0,neut
there nothing wrong preferred candidate thats right many friend voting leni see posting like post like focus voting vp leni like db,2022-05-07 23:34:25,0,neut
thank vp leni giving u reason fought fought continue fight p never thought would wearing much pink age,2022-05-07 23:34:04,0,pos
,2022-05-07 23:34:02,0,neut
liar said plan run president lot anger towards liar,2022-05-07 23:33:54,0,neg
president robredo vice president pangilinan,2022-05-07 23:33:51,0,neut
turn 8 people allowed campaign removed lenikiko frame hashhsaasashss,2022-05-07 23:33:24,1,neut
comelec silent,2022-05-07 23:33:23,0,neut
someone tell,2022-05-07 23:33:14,4,neut
yes love slayy,2022-05-07 23:33:05,0,pos
fast malobat kakaml leni,2022-05-07 23:32:55,0,neut
lord let vp leni win u,2022-05-07 23:32:29,0,neut
people pray leni,2022-05-07 23:32:26,0,neut
crowd solid last night leni kikos meeting de advance,2022-05-07 23:32:11,0,pos
lenis manga hacker ready big,2022-05-07 23:32:10,0,neut
leni moved bbm rudeness front chapel,2022-05-07 23:31:58,1,neut
respect everyone themyou laugh nothing lenikikos platform imaginary hater make fun lenikiko matic unfriend crooked answer nothing left matic unfriend hehe,2022-05-07 23:31:45,6,neg
nayshshashhahaha child said leni lugaw please hold mg beh morning,2022-05-07 23:31:41,0,neut
thank everyone stood know filipino still hope leni kiko troop dont win im sure next time stand filipino still worth fighting,2022-05-07 23:31:34,0,pos
dumb reason wont vote leni,2022-05-07 23:31:27,0,neg
context household atmosphere really getting intense doesnt help every move make look leni went home tired around 1 first thing delete photo last night mda know hidden feature,2022-05-07 23:31:15,1,neg
yes also voter know many young people voter leni yet 18 year old wahahaha,2022-05-07 23:31:12,0,neut
congratulation m mom thank uniteam evil stopped one one vp leni win,2022-05-07 23:31:01,3,pos
hope sends message marcos campaign one need cheat leni kiko win pulse asia theyre touch,2022-05-07 23:30:48,1,neut
hope next time return makati professional leni kiko charge country,2022-05-07 23:30:44,14,neut
someone asked im voting told leni robredo literally said giatay man diay ka war freak sister gurl hahahahahaha,2022-05-07 23:30:41,8,neut
gravihas meeting de avance ni leni oy let asap,2022-05-07 23:30:34,2,neut
side note hope leni fucking win rather pls,2022-05-07 23:30:33,0,neg
gosh sister dick hahaha watched signed l heheh said time government honest everyone life skl,2022-05-07 23:30:28,2,neut
support mother leni ayeeii heart stealer c bbm,2022-05-07 23:30:06,0,neg
leni family bbm,2022-05-07 23:29:48,0,neut
right hashtag kakampink leni pls even hashtag bbm eye tired every time open social medium see first,2022-05-07 23:29:15,0,neut
really way around know natural jr wave image kunyare thats ace defiled remember telling truth defamation,2022-05-07 23:29:03,2,neut
please let leni lead huhu,2022-05-07 23:28:52,0,neut
going home limp headache leni,2022-05-07 23:28:40,0,neut
shar proj ab shes supporting leni good governance station sadly yes different opinion choosing president based opinion choose right one try consider side listened bbyms side really,2022-05-07 23:28:15,0,neut
leni im fighting,2022-05-07 23:28:08,0,neg
happy mother day mom aunty grandmother cousin friend mom also happy mother day vp leni,2022-05-07 23:28:05,3,pos
elys fault tweeted sensible president leni,2022-05-07 23:27:56,0,neut
sorry im 34 year old ive registered long time see almost young people voter mother lenis rally admit fake news 50 registered noise,2022-05-07 23:27:47,0,neg
cry leni gt,,2022-05-07 23:27:46,neut
thank much vp leni bravely standing goodness truth people happy mother day bless make people win,2022-05-07 23:27:25,0,pos
jgh omg grand rally super solidyy,2022-05-07 23:27:16,3,pos
miss made account support vp leni team hope time twitter meaningful love love country let focus regardless happens election,2022-05-07 23:27:09,7,pos
leni lost kiko lost majority stand bbmsara right choice,2022-05-07 23:27:08,0,neut
lot people pretend neutral bashed hopefully poll vp leni kiko also,2022-05-07 23:26:55,2,neut
sorry legit cried leni kiko rally vids,2022-05-07 23:26:49,1,neut
story time relative bbm first leni relative thats right vote right vision philippine right vision condemn killing npa cppnpandf front meeting lenis rally cricket sound,2022-05-07 23:26:48,52,neut
inday sarah barong statement must driving yellowpink nut sleepless pity im sure feeling stress anxiety failing deliver crown hail leni failing recover political throne entitlement,2022-05-07 23:26:35,3,neg
happy mother day mam leni tomorrow give gift win lose love whole family,2022-05-07 23:26:23,0,pos
vote pres leni,2022-05-07 23:26:20,0,neut
true leni may good person afraid behind say angat buhay lahat year power lp cohort progress trickle thats lp hard win rich get richer poor remain poor,2022-05-07 23:26:14,3,neut
love ian lenikiko really fromis,2022-05-07 23:26:09,2,pos
thing happened naga never left vp leni done,2022-05-07 23:25:53,13,neut
funny tweeter leni tiktok bbmsara whats heart philippine,2022-05-07 23:25:46,0,neut
ayo kita tunggu plot twistnya akan seperti apa,2022-05-07 23:25:42,0,neut
plus voting lenikiko pajud haha apologist,2022-05-07 23:25:30,0,neut
yes fact rich friend marcos crony sister boyfriend one biggest marcos apologist leni never forget video kadiri jowa ni jasmine good thing anne took stand became brave,2022-05-07 23:25:21,4,pos
walk beginning guadalupe 1 hour hunger pain foot body prepared leni fight,2022-05-07 23:25:19,1,neut
uff gute besserung,2022-05-07 23:25:12,1,neut
bbm relative saw public post supporting vp leni pming one one oh naurr,2022-05-07 23:24:57,11,neut
well said,2022-05-07 23:24:51,0,neut
line start afams leni,2022-05-07 23:24:45,2,neut
early morning debated family fight president leni robredo,2022-05-07 23:24:39,0,neut
leni cheated dont put jail hahahahahqhqhqhq maybe evidence lolz,2022-05-07 23:24:32,0,neut
leni,2022-05-07 23:24:32,0,neut
yes solid leni first destroyed prrd tokhang lot dd repay prrd lutang,2022-05-07 23:24:15,0,neut
happy mother day pres lenny,2022-05-07 23:23:57,3,pos
raised sack full water leni,2022-05-07 23:23:53,0,neut
leni motherland motherland pink,2022-05-07 23:23:53,1,neut
never vote leni u,2022-05-07 23:23:49,0,neut
tomorrow matter vote leni amp, Kiko is a step towards the future we aspire for our children! üíóüå∏ü´∂   #PilipinasIsPink  #LeniKiko2022  #LeniKikoAllTheWay2022,2022-05-07 23:23:49,neut
cried watching video meeting de avance last night hope vp leni sen win kiko lord take care upcoming election let care country win,2022-05-07 23:23:38,0,pos
thick playerssir arnel ignacio leni kiko,2022-05-07 23:23:28,3,neut
un almost half go mother leni ndo registered tpos kay bbm 90 vote solid haha,2022-05-07 23:23:26,1,neut
hair rising time im cry genuineness vp leni people huhu win,2022-05-07 23:23:22,0,pos
let respect tonis decision respect kind criticism doesnt help vp leni,2022-05-07 23:23:18,16,neg
let go home afternoon im vp leni sen kiko,2022-05-07 23:23:18,4,neut
gonna playing leni kiko playlist otw grad shoot ty listening meet,2022-05-07 23:23:04,0,neut
hahahahaha almost feverish leni huhuhuhu,2022-05-07 23:23:04,0,neut
happy mother day forthcoming president republic philippine excellency leni robredo mother world,2022-05-07 23:22:53,0,pos
lord please give leadership philippine leni tomorrow,2022-05-07 23:22:50,2,neut
christmas tree lenikiko,2022-05-07 23:22:46,0,neut
bbm saman came lot people attended watched support leni also based saw child wait there almost young people 1017 want vote bbm mostly adult especially senior,2022-05-07 23:22:45,0,neut
banda darmozjadw leni mierdzcych mascara,2022-05-07 23:22:44,1,neut
felt,2022-05-07 23:22:39,0,neut
cried much morning video watched vp leni respect others vote im leni,2022-05-07 23:22:37,1,neut
ab shadi kar leni chahye,2022-05-07 23:22:30,0,neut
sorry hard bring home bias leni hahahshshsh,2022-05-07 23:22:29,1,neut
blue whale khel leni chaiye thi,2022-05-07 23:22:28,20,neut
hahahahaha good judge people hahaha pride high thought pinklawans educated word educated respect angry vp leni supporter insult building worship,2022-05-07 23:22:26,0,neut
lenikiko tom im gon throw hand,2022-05-07 23:22:26,1,neut
trust first vp leni elected im going watch every move going number one critic,2022-05-07 23:22:24,6,neut
look like tired yesterday cry episode today thats leni kiko,2022-05-07 23:22:20,1,neut
meltdown besties talked leni leody situation tbh would voted need right someone protect democratic space allow people like ka leody represent u future leni person,2022-05-07 23:22:12,8,neut
ig story leni e maltman famous ig lbm supporter among follower,2022-05-07 23:22:01,0,neut
rewatching touching moment meeting de avance sobbing especially vp lenis part really hope im right side history,2022-05-07 23:21:51,0,pos
9pm thats shot hahaha amputa accept one million attend many bus pampanga cavite tarlac drone pilot photographer really good,2022-05-07 23:21:46,0,pos
enough reason reject family leni porridge deeper case drawn pink one course parent side thief done nothing platform thats even embarrassing bbm even shocking,2022-05-07 23:21:30,0,neg
bkt nmn ii edit time edit anymore hahaha thats people leni siksikans rally rally social distancing ok paid free ride neglected walked attend charge,2022-05-07 23:21:22,0,neut
almost couldnt go home leni,2022-05-07 23:21:18,0,neg
cyberbullying still bullying thats wrong never right dont associate politics vp leni nothing bullying took place mark bully,2022-05-07 23:21:11,0,neg
maybe try following proleni page site dont get hate literally coming term behavior alone many people rougher attitude think shes offensive especially youre anything wrong,2022-05-07 23:20:58,0,neg
let leni lead doc tricia,2022-05-07 23:20:55,2,neut
whose survey survey expect result right leni going thats survey used false asia hahaha,2022-05-07 23:20:53,3,neut
like throw tantrum rally presscon obsessed much vp leni,2022-05-07 23:20:48,0,neut
vp leni elected critic,2022-05-07 23:20:46,0,neut
unity people leni kiko,2022-05-07 23:20:42,0,neut
allergic rhinitis attack lenikiko,2022-05-07 23:20:40,0,neg
leni kiko win crowd number twitter trend google trend view rally leni,2022-05-07 23:20:27,1,neut
liker lenirelatedmyday leni hahahaha anyway forget something,2022-05-07 23:19:59,0,neut
need vp leni spend lot money firework help people need volunteer contribute rally cant even reach 100k tweet twitter youre lot troll,2022-05-07 23:19:59,0,neg
please look please help philippine prevent vote buying dont sell everyones future mercy dont repeat past leni robredo president kiko pangilinan vice president,2022-05-07 23:19:54,0,neut
huhu pres leni vp kiko cuties,2022-05-07 23:19:49,0,pos
im maam work immigration said filipino still choose marcos said talk work filipino stupid stupid choosing president said stood vp leni,2022-05-07 23:19:49,1,neg
vp leni declared would run president mda course also went one look forward known,2022-05-07 23:19:41,27,neut
love vp leni thank bringing hope,2022-05-07 23:19:40,0,pos
greatee want win leni ive experienced poor dont want sleep thinking much generation hard filipino maybe made right decision courage go another country praying god,2022-05-07 23:19:18,0,neut
philippine good hand vp leni,2022-05-07 23:19:15,0,pos
tp leni robredo president inday sara vp said ready printing date time omg sad true,2022-05-07 23:18:56,0,neut
yes thats suck hope itll get better soonpiercings bitchy af jfkgk,2022-05-07 23:18:49,0,neg
leni robredo president cutie,2022-05-07 23:18:47,0,pos
good,2022-05-07 23:18:38,0,pos
assumed grace poe endorse leni haha shes silent shes neutral haha,2022-05-07 23:18:22,3,neut
vice president leni dont worry tomorrow shoot,2022-05-07 23:18:18,0,neut
papa solid bbm im still vp leni son bbm leni,2022-05-07 23:18:16,6,neut
anxiety election great know marcoses play dirty ensure vote safe watcher leni,2022-05-07 23:18:13,11,neg
desprezvel pq prefere ver brasil na merda que votar lula novamente segundo turno,2022-05-07 23:18:01,1,neut
please lord father give present leni win fleece,2022-05-07 23:17:57,4,neut
solid bbmsara wife lenikiko simply tfc fanatic tease respect one choice wont disown respect word may 9 make coffee hard,2022-05-07 23:17:48,11,neut
even 2 3 screen near stage lose audio sometimes video crowd shouting sound system first fixed 2nd 3rd time especially leni speaking sound disappeared forever disconnect flow prog oh well,2022-05-07 23:17:44,2,neg
please let leni win,2022-05-07 23:17:43,0,neut
asked mama could talk parent friend wanted go lenikiko mda yesterday friend wanted come adopt day thankfully friend parent decided go mda ive never proud,2022-05-07 23:17:41,1,pos
mom said rally ok said wasnt really full many vacancy dark best friend wife lenis side said really isnt tree thats mine took fund spend much,2022-05-07 23:17:39,3,neut
cabbie asking im voting tomorrow im really mood talk tell leni say making rest ride much easier,2022-05-07 23:17:38,39,pos
saw vpleni cry remembered mom cried,2022-05-07 23:17:31,0,neut
leni one im going vote tomorrow,2022-05-07 23:17:19,0,neut
let leni lead,2022-05-07 23:17:12,0,neut
soo scrolled long time fb today boring read fake news vp leni pls lord hope win,2022-05-07 23:16:57,0,neg
hope also know fromis lending helicopter vp leni time support companya lot help,2022-05-07 23:16:54,111,neut
final testing machine tomorrow total 10 u tested voted whether machine okay defect bos chairman tallying lenikiko tropang angat voted like,2022-05-07 23:16:27,3,neut
cried leni kiko give,2022-05-07 23:16:24,0,neut
miss universe actually lenis vote stupid gossip,2022-05-07 23:15:54,1,neg
god bless vp leni,2022-05-07 23:15:30,0,pos
tear akes every time see vp leni also tear,2022-05-07 23:15:23,0,neut
lord give one lead make win mam leni sir kiko,2022-05-07 23:15:18,0,neut
let leni kiko leave,2022-05-07 23:15:16,0,neut
two pink prayer praying leni win could pray peace philippine unityyou praying candidate one want sit get revenge dutertes marcostsk tsk,2022-05-07 23:15:12,0,neut
chika chika mama connection politics incumbent congresswoman bbm supporter biased towards u strong candidate ticket leni supporter dasurv kfnsksnsj,2022-05-07 23:15:05,1,neut
happy mother day hope gift vp leni receives win,2022-05-07 23:15:04,5,pos
lenis child,2022-05-07 23:14:58,0,neut
watching ig story friend attending meeting de avance please lord let lenikiko election winnerss coz hungry good governancee,2022-05-07 23:14:46,9,neut
thats logic left bopols teacher air making fun lutang better vote leni,2022-05-07 23:14:39,0,neut
leni win cppnpandf ally,2022-05-07 23:14:30,0,neut
vp leni loses one lose filipino continue serve country u idk condition im claiming good governance,2022-05-07 23:14:13,1,neut
hnnghh cute marco yell kiko 2 year old doesnt know whether choose candidate,2022-05-07 23:14:12,1,neut
happy birthday sherwin thank supporting vp leni sen kiko,2022-05-07 23:14:08,1,pos
thanks joy ill spirit leni victory party,2022-05-07 23:13:54,0,pos
want say proud brother wife even inc would vote leni,2022-05-07 23:13:48,8,neut
im happy voted want leni win,2022-05-07 23:13:43,1,pos
happened saf 44 vp lenis fault,2022-05-07 23:13:41,0,neut
im going post anymore haha b b shared post,2022-05-07 23:13:30,0,neut
leni igdis poster albay cutie korean look hahaha good morning,2022-05-07 23:13:26,0,pos
good mother also lenikiko happy mother day,2022-05-07 23:13:19,1,pos
onion last day election leni seeing kakampinks last lenikiko posting fb make teary eyed volunteer thanking reminiscing rally memory worth pink let win,2022-05-07 23:13:02,1,pos
im sorry tiktoks fyp leni daga,2022-05-07 23:13:01,1,neg
scolded leni,2022-05-07 23:12:52,1,neut
know many lenikiko voter able join,2022-05-07 23:12:51,7,neut
showed pic dad lenis rally baguio said wow straight face,2022-05-07 23:12:48,0,pos
leni,2022-05-07 23:12:46,0,neut
let goo leni marcos,2022-05-07 23:12:42,3,neut
fastforward leni presidency,2022-05-07 23:12:27,5,neut
dont fooled drawing enough lenis name punched pierce pen sure smarter smartmatic remember shade 7 pierce 10 vp,2022-05-07 23:12:22,0,neut
leni kiko win election,2022-05-07 23:12:20,0,neut
kudos lenikiko volunteer organizer thank much,2022-05-07 23:12:15,4,pos
leni cutie kiko cutie,2022-05-07 23:12:14,1,pos
true leader liar mike enriquezs interview said wont run president he ambitious president even doesnt capacity,2022-05-07 23:12:14,0,neg
viviems supporter make noise lenikikos page dont page thats spread,2022-05-07 23:12:04,1,neut
really cry leni win,2022-05-07 23:11:58,0,neut
im voter yet saw pipays trending hope dont use god fight leni bbm supporter instead encouraging people go church stop hey nakoo,2022-05-07 23:11:54,0,neut
first time join political related rally yesterday im proud leni kiko,2022-05-07 23:11:44,1,pos
leave leni amp,. Kiko,2022-05-07 23:11:42,neut
mene side kiun leni,2022-05-07 23:11:32,0,neut
lord please give philippine let leni kiko win,2022-05-07 23:11:31,7,neut
happy mother day vp leni love,2022-05-07 23:11:21,0,pos
feel good back albay lenikiko energy soo hot,2022-05-07 23:11:10,2,pos
lord let leni lead,2022-05-07 23:11:08,86,neut
youre deviating topic hahaha please look receipt vp lenis program see change topic haruuy lavaad,2022-05-07 23:11:05,0,neut
god bless leni kid,2022-05-07 23:10:55,3,pos
happy mother day mommy leni,2022-05-07 23:10:47,6,pos
sleep leni,2022-05-07 23:10:34,1,neut
new convert lenikiko,2022-05-07 23:10:29,0,neut
spent last day campaign period campaignig lenikiko laurrl high wood inside road back pickup jad speaker w face fire heart full hope better brighter future,2022-05-07 23:10:28,0,pos
happy mother day leni robredo,2022-05-07 23:10:06,0,pos
im worried cousin might bring leni say hajahhsha,2022-05-07 23:09:58,0,neg
danger jesus word sinned cast first stone leni binilin always state grace state say thing like pipay said question maybe beat cest la vie,2022-05-07 23:09:52,1,neut
say leni,2022-05-07 23:09:49,0,neut
watch party kgbi leni amp, Kiko!!!!! ü•∞‚ù§,2022-05-07 23:09:42,neut
aww also saw legazpi twin vp lenis rally franchise talk franchise gma artist vps rally always watch artist side leni lol patient artist,2022-05-07 23:09:28,12,neut
dad shaming support leni least im like go church vote thief,2022-05-07 23:09:21,7,neg
let make choice proud tell child childrens child choose good choose life choose lenikiko,2022-05-07 23:09:18,3,pos
one many reason leni lose election,2022-05-07 23:09:06,0,neg
yes ty mwah,2022-05-07 23:09:05,1,pos
leni leaning huhuhu,2022-05-07 23:08:54,0,neut
poisoned duty leni,2022-05-07 23:08:52,0,neut
leni win wont jojowa year,2022-05-07 23:08:49,5,neut
bading lenikiko,2022-05-07 23:08:43,1,neut
right dont miss lenis name circle circle next bb em sarah name,2022-05-07 23:08:41,0,neut
hello friend novena prayer rosary guide special intention vp leni please ask copy,2022-05-07 23:08:32,6,neut
feel youre one take easy best believe leni,2022-05-07 23:08:31,0,pos
nothing say used look,2022-05-07 23:08:28,0,neut
good morning people awake leni,2022-05-07 23:08:27,0,pos
ok leni lose dont let veveem win,2022-05-07 23:08:26,0,neut
one single small step lead long journey go go leni destined become president republic philippine bring dictator son knee,2022-05-07 23:08:20,2,neut
year happened mine cleaning didnt make better used tea tree oil morning evening like 1 2 week completely healed since,2022-05-07 23:08:04,0,neut
,2022-05-07 23:08:03,3,neut
prankster leni,2022-05-07 23:08:01,1,neg
leni bagsak marcos told u overthrow bbm cheated lied,2022-05-07 23:07:52,0,neg
pls im excited election hahahaha leni win pls pls,2022-05-07 23:07:49,0,pos
leni hard sell worse realize made wrong choice impact career,2022-05-07 23:07:44,0,neg
realized attending vp lenis meeting de avance bragging true giving food vibing people medic response etc,2022-05-07 23:07:41,1,neut
people tarlac got dragged bus hahahahahahah leni paden,2022-05-07 23:07:41,11,neut
ill def gonna miss posting leni,2022-05-07 23:07:39,1,neg
final speech bongbongs campaign message hate final word vp lenis speech hope,2022-05-07 23:07:22,1,neg
loner lenikiko,2022-05-07 23:07:21,1,neut
omg samee cant explain dreamed everything pink last night go sleep even singing rose light dark head dont know handle anxiety next day praying handle leni win,2022-05-07 23:07:14,1,neut
bbm idiot want country hand moron like leni,2022-05-07 23:07:12,22,neg
first hoons standee hees standee really leni hahahahaha,2022-05-07 23:07:10,0,neut
,2022-05-07 23:07:02,0,neut
lost hope philippine past 6 year also left country leni kiko win heartbreaking give hope know something good look forward,2022-05-07 23:06:55,2,neut
filipino must realize poor tired 3rd world rampant corruptionpoliticians happy isko bbm leni bring significant change becuz politician reform rotten system source power wealth 20283440 still like,2022-05-07 23:06:54,0,neut
given payb hundred leni,2022-05-07 23:06:53,0,neut
im nervous tomorrow election philippine hope leni robredo win,2022-05-07 23:06:50,0,neut
stay strong brad next inauguration pres leni,2022-05-07 23:06:36,0,pos
bwahahaha right,2022-05-07 23:06:29,2,neut
blind child also bullied kkampink parent immediately saw comment mother father immediately spoke,2022-05-07 23:06:20,1,neg
lenikiko pleaser,2022-05-07 23:06:14,3,neut
next time alfred lol see rv con rv event hope leni kiko pres vp,2022-05-07 23:06:13,1,neut
leche chat youre way home didnt get shirt trixie got anxious leni kiko,2022-05-07 23:05:58,0,neut
become promathematicians try find percentage leni monday,2022-05-07 23:05:53,0,neut
proud friend family campaigned maam leni hope win,2022-05-07 23:05:51,2,pos
tea tree oil helped,2022-05-07 23:05:44,0,pos
im also cry troll fighting pink one bashing vp leni dont even get look u look made plus im cry im one family stood vp said stand someone stand next,2022-05-07 23:05:40,0,neg
option 1 like aquinos led 2 like marcos led leni bbm dont know anything history socmed source mother read book,2022-05-07 23:05:39,0,neut
potaena cousin also stood went vp lenis rally funny many u family believe loyal government uplift life,2022-05-07 23:05:35,1,pos
yep carbon trudeau want reduce poor sick disabled elderly fn top priority jab government care pretty sure jab take care sterilizing many course puberty blocker kid surgery already,2022-05-07 23:05:29,1,neut
god made leni runaway winner,2022-05-07 23:05:04,0,neut
proud mama leni even international news praised transparency hardworking,2022-05-07 23:05:01,1,pos
laughed afams leni hahahaha,2022-05-07 23:04:57,0,pos
truth tell official confirmed bbm president cheated sw survey wrong 58 kababayan ofw absentee voting must counted leni kiko vote 23 turn 60 let bbm called new pink color tomorrow,2022-05-07 23:04:32,0,neg
people really dont like leni even wife initially didnt like varying reason isko ping oh well perspective changed shes ok u thats life really like well vote anyone except marcos,2022-05-07 23:04:28,0,neg
best wish president leni,2022-05-07 23:04:24,0,pos
mother left morning mda brought gv last night veeps dead mother lenis influence great hahahah,2022-05-07 23:04:19,0,neut
brain president leni robredo vice president kiko pangilinan honest government life leni kiko leni kiko leni kiko light diliimm flag flag cant hear nothing sound system,2022-05-07 23:04:15,7,neut
050722 ill leave leni loses post fb dont regret standing right know like people like fought candidate lost country,2022-05-07 23:04:11,0,neut
indeed hearing leni kiko senatorial slate reassured u last night wiped fear indeed god grace u message clear last night,2022-05-07 23:04:05,2,pos
said kakampink said 1 million dense still hole haha hello 30 hectare much compared lenis area small road 4 hectare say 750k,2022-05-07 23:04:05,6,neut
lord god leni robredo president please,2022-05-07 23:04:04,0,neut
thank vp leni revived profilipino feeling u long live president,2022-05-07 23:03:56,0,pos
dumb bbm paying troll destroy image leni social medium counter say negative campaigning,2022-05-07 23:03:48,1,neg
election making emotional heard one mom friend saying cry father look marcos loyalist teared lenis speech today long really let win huhu,2022-05-07 23:03:45,4,neut
leni kiko forever,2022-05-07 23:03:33,1,neut
anti leni vloggers watched dont know real leni try search pro leni news legit one neutral vloggers,2022-05-07 23:03:30,1,neut
happy mother day maam leni stay alive,2022-05-07 23:03:28,0,pos
reporter going approach god lord beg please let vp leni sen kiko presidency vp jesus name amen,2022-05-07 23:03:22,5,neut
may 8 mother day may 9 lenis day,2022-05-07 23:03:07,11,neut
lie leni,2022-05-07 23:02:57,0,neut
yall good news mom voting leni yaay,2022-05-07 23:02:54,1,pos
thank sir fighting vp leni,2022-05-07 23:02:46,0,neut
listen candidate said interview boy abunda leni plan,2022-05-07 23:02:25,0,neut
base rally obvious vp leni lot information opponent possibility fraud high know sitter worthless one important watch vote tomorrow,2022-05-07 23:02:14,0,neut
one many leni wont win,2022-05-07 23:02:09,1,neut
election tom leni lead,2022-05-07 23:02:09,0,neut
bad someone make stock market expects rise leni poster,2022-05-07 23:02:07,1,neut
grandma bbm supporter dude hate kakampink people apos leni supporter gagk,2022-05-07 23:02:03,0,neg
happy mother day vp leni,2022-05-07 23:01:53,0,pos
sleep leni,2022-05-07 23:01:47,0,neut
every time got church id always pray old thing yesterday practically begging god theyd bless u let leni win hope come true,2022-05-07 23:01:46,0,pos
kindly consider remaining 3 team leni sonny matula alex lacson make sure everyone alive,2022-05-07 23:01:43,1,neut
referring mama leni yeah gc messenger recruiting influencers defame bbm iendorse leni hehehe nice offer te,2022-05-07 23:01:41,0,pos
time bagunado pra porra poor trainer vamos ver quando vai durar isso ahh pode falar n,2022-05-07 23:01:41,0,neut
leni win doubt bong bing okay,2022-05-07 23:01:37,0,neut
vp lenis determination want cry hold back indeed strong woman let win,2022-05-07 23:01:31,1,pos
ok guy found already im lenikiko fam whahahahahahahahahshwhwhsh,2022-05-07 23:01:29,4,neut
see effort sincerity lenis volunteer led campaign unprecedented didnt even care politician support want follow pur led fought good fight,2022-05-07 23:01:05,0,pos
said leni sits president,2022-05-07 23:01:01,0,neut
anyone giving leni tshirts orani hahahaa penge naman hahahahahaha,2022-05-07 23:00:55,1,neut
way around im used reason mass side poisoned even nothing done way heard recent bbm supporter committed suicide due bullying leni supporter see hypocrite usual,2022-05-07 23:00:50,0,neg
stupid leni wont voted shes educated like idiot,2022-05-07 23:00:42,1,neg
mhmm kidding writing card harrd im bad word smh,2022-05-07 23:00:38,0,neg
dont even know vp leni sen personally kiko feel love people intelligent free corruption decent rude murderer,2022-05-07 23:00:24,0,neg
pulse asia 58 bbm must reduced true thief robredo said true liar cheated election must 4th final time quit marcos win leni robredo thief,2022-05-07 22:59:58,0,neg
lenikiko beh dont forget kiko,2022-05-07 22:59:57,1,neut
sorry choice made go vp lenis rally heartbreaking know produce good result make people come vp leni organic even bus haul everyone happy,2022-05-07 22:59:53,0,pos
tension nhi leni sir g u,2022-05-07 22:59:44,0,neut
asap leni robredo hahaha,2022-05-07 22:59:41,0,neut
cant wait see name madam president mr leni robredo listen sona madam root love win lose,2022-05-07 22:59:35,4,pos
leni promised change 1986 hahaha,2022-05-07 22:59:25,0,neut
opportunity volunteer lenikiko universe decided give dream mother day sign,2022-05-07 22:59:16,3,neut
get dark lenis number increase still like 2016,2022-05-07 22:59:02,5,neut
good morning undecided welcome make lenikiko tandem win,2022-05-07 22:59:02,2,pos
imagine bbm naga like youd probably like ashamed something like first people see good leader leni like like,2022-05-07 22:58:47,0,neut
good morning let win vp leni tomorrow,2022-05-07 22:58:44,5,pos
happy mother day vp mam leni,2022-05-07 22:58:43,0,pos
didnt eat dinner last night leni stomach hungry heart full fight,2022-05-07 22:58:36,8,neg
leni porridge,2022-05-07 22:58:31,0,neut
forget choose ignore difference yellow power cheatedbut time sowhen bbm sdc winscontinue productive member community rather one find fault criticizes others like mama leni,2022-05-07 22:58:29,0,neut
many jeepney tricycle driver leni,2022-05-07 22:58:04,1,neut
please dont disrespectful friend sad front church even support maam leni dont,2022-05-07 22:57:52,1,neg
tomorrow election make break country,2022-05-07 22:57:11,0,neg
annoying fam friend bbm im one leni tt,2022-05-07 22:57:11,2,neg
throwback leni speaker g6 graduation,2022-05-07 22:57:08,0,neut
want shun insult mother support leni please postpone happy mother day today,2022-05-07 22:57:08,1,neg
really dont know leni kiko havent yet,2022-05-07 22:57:05,3,neut
supporter minor registered dont turn around known many people active leni yet voter sadly batchmates leni cannot vote coming may 9 precinct status deactivated,2022-05-07 22:57:03,0,neg
feel frequency lenikiko win,2022-05-07 22:56:54,2,neut
happy proud supported lenikiko angat buhay partylist along fellow kakampinks tnx guy,2022-05-07 22:56:51,0,pos
sister morning called nickname see bbm rally 1m shene ell catch 7k filled yet im decided support leni,2022-05-07 22:56:50,2,neut
get lenis trust simple question dont know answer youre stupid,2022-05-07 22:56:48,0,neg
madame leni fulfill patriotic universal aspiration dream,2022-05-07 22:56:44,0,neut
yes lenikiko,2022-05-07 22:56:32,0,neut
makati mayor better leni,2022-05-07 22:56:19,0,neut
yes dont shoot leni 6 year old food porridge mother float,2022-05-07 22:56:18,0,neg
people dont sleep leni kiko,2022-05-07 22:56:17,0,neut
shouldnt like nigerian always praying people loose fate hand,2022-05-07 22:56:17,0,neg
cant wait victory vp leni please lord let leni kiko team lead country,2022-05-07 22:56:15,1,pos
cried honestly everyone volunteer pure donation pure giving hard stand handle make sure sit vp leni sen kiko entire tropang angat,2022-05-07 22:56:07,7,neut
nothing heart except wanda,2022-05-07 22:56:00,0,neut
lenikiko president vice president philippine 2022 manifesting claiming leave everything god,2022-05-07 22:55:59,0,neut
thats cute lt,33,2022-05-07 22:55:38,pos
thank much catriona gray cool beauty brain personified god bless lenikiko way,2022-05-07 22:55:28,8,pos
thats true vp leni never met never spoken joma sison aligned red thats fake news,2022-05-07 22:55:14,1,neg
let go leni please charot right behavior yarn,2022-05-07 22:55:08,0,neut
omyghad isnt president yet win maybe every work chapel hear leni,2022-05-07 22:55:06,4,neut
fucking true 20,2022-05-07 22:54:57,1,neg
painful attend bbms rally ulterior motif leni robredo vote joke,2022-05-07 22:54:51,1,neg
still go lenikiko tandemjust let give vp headache,2022-05-07 22:54:45,0,neut
yep several content creator purchased think dont necessarily link card paypal put card data,2022-05-07 22:54:40,1,neut
yes trying im bad sigh,2022-05-07 22:54:36,0,neg
leni lost,2022-05-07 22:54:24,0,neut
pay ke aing,2022-05-07 22:54:18,0,neut
friend said isko one anything pandemic didnt reply anymore said fyi leni active among haa,2022-05-07 22:54:17,8,neut
juan magan nobel prize winner literature,2022-05-07 22:54:14,2,neut
prayed lenikiko senatorial candidate win coming monday happy sunday everyone,2022-05-07 22:54:10,0,pos
thank youngest lenikiko,2022-05-07 22:54:07,0,neut
considering pinging president number emerge victorious coming election question ok marcos win yes vote ping dont like marcos president better give leni vote,2022-05-07 22:54:05,0,neut
filipino pres leni victory,2022-05-07 22:54:01,0,neut
lenikiko tropang angat please win election cant afford another 6 painful year,2022-05-07 22:53:54,0,neg
hi presidential candidate leni vp candidate kiko theyre noncorrupt politician running election theyre running really really shitty people,2022-05-07 22:53:47,0,neg
yeah vp leni said would paying debt since appropriation debt repayment automatic 10 total national budget go really gap since spent health educ defense etc diverted ty du30s,2022-05-07 22:53:15,1,neut
mother happy mother dayy especially everyones mother mama leni,2022-05-07 22:53:13,1,pos
sick nervous leni,2022-05-07 22:53:00,2,neg
well done showing love,2022-05-07 22:52:59,1,pos
leni shall win sake 1103 victim killed martial law see future program changing philippine better see chose,2022-05-07 22:52:55,1,neut
aunt always say ping voted shineshare s gc lbm amp, disinformation against leni ü§£ hahahaha inang ean,2022-05-07 22:52:33,neut
yes still cheat place leni said evidence even though polling yet,2022-05-07 22:52:32,0,neut
yes leni mother isko hahahahaha yes,2022-05-07 22:52:32,1,pos
leni kiko tomorrow,2022-05-07 22:52:25,25,neut
stupid whahahahahahahahahahahahahaha leni supporter stupid,2022-05-07 22:52:21,0,neg
,2022-05-07 22:52:20,0,neut
dont think know hakot mean idol minion troll talking,2022-05-07 22:52:14,2,neut
someone said asking president course im proud leni kiko wayy leni brainwashed youth like world brainwash term rephrase inspired,2022-05-07 22:52:08,3,neg
batchmates college eight rooting leni status precinct deactivated neighborhood also kakampink family cannot vote cannot go home registered baguio cavite 25 reduced,2022-05-07 22:51:55,0,neg
thats 30 hectare bbm big compared mother lenis rally tight road 4 hectare hard believe became 1 million whats matter oopps thought 750k,2022-05-07 22:51:39,0,neut
went tv listened paquirrn saying independent age 18 depend mother que se fue de cantora porque le gustaba ser un mantenido son parasite,2022-05-07 22:51:25,1,neut
leni bobo lutang educate pls place,2022-05-07 22:51:22,1,neut
im anxious really hope leni win,2022-05-07 22:51:19,2,neut
already feel madam leni sir kiko winning,2022-05-07 22:51:18,0,neut
stressful coming back far ahdjflsksh 12 hour travel gyud waah gyud dae leni dong kiko let win tomorrow plss,2022-05-07 22:51:15,20,neut
leni porket god,2022-05-07 22:51:08,0,neut
sure winner leni kiko angat buhay troupe,2022-05-07 22:51:01,0,neut
finally beloved vp leni rest coming grueling exhausting day campaign given everything u time u put hand election tomorrow win 10 happy mother day po love,2022-05-07 22:51:01,20,pos
lenikiko leadership malacaan truly palace people looting take place 6 year,2022-05-07 22:51:01,0,neg
better vp leni see hope change ghadd gone,2022-05-07 22:50:59,1,neut
look kampwet feeling high wonder leni lose people like kampwet,2022-05-07 22:50:58,0,neut
yes win campaign unforgettable tearful vote safely tomorrow every vote leni special,2022-05-07 22:50:49,2,pos
leni supporter already like holier thou feeling like better everyone ironic,2022-05-07 22:50:49,1,pos
fine ill think smth else,2022-05-07 22:50:47,0,neut
whoop,2022-05-07 22:50:42,0,neut
please tell morning shocked 18 yr old neighbor first time voter vp leni never cheated last election good presenting fact comment post juskoo dont want join bandwagon youre cutting f2f,2022-05-07 22:50:34,1,neut
true talked people started laughing haha proof dont go rally artist leni kiko,2022-05-07 22:50:23,0,neut
win lose vp leni know support,2022-05-07 22:50:18,0,neut
hakot hauling vp leni hahahaha call support paid volunteer really remind thief wrong want rob okay government corrupt,2022-05-07 22:50:18,1,neg
allowed cry leni kiko,2022-05-07 22:50:14,2,neut
president leni robredo,2022-05-07 22:49:40,7,neut
dont say cant comment lenis supporter page read,2022-05-07 22:49:38,0,neut
happy mother day mama leni,2022-05-07 22:49:37,0,pos
wife said pacquiao pro came pink election monday next day leni president think ah yes win thats brown win annoyed annoyed thats imitated also good angry,2022-05-07 22:49:30,6,neut
good,2022-05-07 22:49:24,0,pos
let leni lead pls,2022-05-07 22:49:20,1,neut
day election received confirmation sister hell voting leni even though sara vp late reach friend family today,2022-05-07 22:49:12,2,neut
leni voted bam aquino one dictated leni lazy thinking time one knew good number one bullying poor poor,2022-05-07 22:48:53,1,neg
,2022-05-07 22:48:52,0,neut
vp leni please win,2022-05-07 22:48:49,0,neut
leni,2022-05-07 22:48:42,0,neut
wahahhaa thats fake news 4 hectare small kayle become 1 million leni ng patung patung,2022-05-07 22:48:42,0,neg
retweeting leni tweet 2016 cause ya spammed,2022-05-07 22:48:39,1,neg
lenikiko right choice u,2022-05-07 22:48:23,0,neut
mom bbm wtf shocked thought gonna vote leni,2022-05-07 22:48:13,0,neut
hello engenes concludes lenikiko campaign journey doesnt end let use voice kpopstans help seek passion standing truth choosing protect nation filipino people thank everyone,2022-05-07 22:48:11,14,pos
,2022-05-07 22:48:04,0,neut
muslim bbmsdc haha entire muslim community really pink 30 survey ahh maybe 60m isnt survey right anyway true leni win right,2022-05-07 22:48:00,0,neut
quero,2022-05-07 22:47:53,1,neut
leni anyway,2022-05-07 22:47:46,1,neut
woman understand,2022-05-07 22:47:43,1,neut
manifesting president leni robredo vice president kiko pangilinan,2022-05-07 22:47:40,16,neut
president leni robredo formality vote appeasement marcoses,2022-05-07 22:47:36,9,neut
assurance really makaleni mean really makaleni attend rally depends pencil shshadan monday hater said possibility leni wont win thank,2022-05-07 22:47:34,2,neut
good alji yeah im leni,2022-05-07 22:47:26,4,pos
power madam leni hold yas queen,2022-05-07 22:47:14,0,neut
happy mother day mom except mama leni,2022-05-07 22:47:11,0,pos
leni one afam,2022-05-07 22:47:06,0,neut
aj perezs exgf proud husband effort campaign vp leni aj must super proud,2022-05-07 22:46:57,1,pos
fight continue tomorrow becomes real pink color good leni time stand philippine long live,2022-05-07 22:46:55,0,pos
happy mother day mom mom single dad serve mom course vp leni robredo,2022-05-07 22:46:47,5,pos
survey predict winner 2400 respondent cant predict winner thus dont make reason candidate win maybe recount say cheated fact receive silent voter leni,2022-05-07 22:46:33,0,neg
relate daniel padilla fully support leni mom super bbm fan like parent yuck,2022-05-07 22:46:27,0,neut
besides one neighbor assist election others know leni said invited cheat local candidate,2022-05-07 22:46:11,0,neut
president leni robredo cutie,2022-05-07 22:45:53,11,pos
body hurt leni,2022-05-07 22:45:50,0,neg
happy mother day vp leni god bless family always way,2022-05-07 22:45:29,0,pos
lost,2022-05-07 22:45:23,0,neg
disappointing friend convinced last three day switch leni ping youre francine ping,2022-05-07 22:45:13,3,neg
tl propaganda hit papa talk alike strange thing negative campaigning said leni still front case npa weak leader etc fucking hypocrite,2022-05-07 22:45:09,1,neg
heyy fine ill try,2022-05-07 22:45:04,1,pos
felt last 2016 election cry cry oh pls lord let leni win suffering filipino long overdue pilipinasispink,2022-05-07 22:45:03,11,neut
youre hateful thief liar bbm chill anyway lost leni,2022-05-07 22:44:57,0,neg
yes annoying much leni dont even loss food snack boot volunteer didnt eat either ah,2022-05-07 22:44:53,0,neg
god bless win jesus name maam leni,2022-05-07 22:44:51,0,pos
leni voted mainstream election netflix,2022-05-07 22:44:42,3,neut
bbm spoke started running away got paid payment really different heard kakapinks joined payment vote leni,2022-05-07 22:44:16,1,neut
watch vp leni robredos fb page,2022-05-07 22:44:14,0,neut
1m camanava leni campaign,2022-05-07 22:43:59,0,neut
loser leni kiko,2022-05-07 22:43:59,0,neg
write card mother day thats nice cliche bc arent close smth like couldnt imagine better mum would weird,2022-05-07 22:43:57,2,pos
im ilocano solid lenikiko,2022-05-07 22:43:57,12,neut
leni win,2022-05-07 22:43:44,0,neut
vote leni kiko,2022-05-07 22:43:42,23,neut
never fanatic charge loyalty always good country blessed sunday happy mother day mama vp leni toughest job earth,2022-05-07 22:43:39,0,pos
heyy happy neighbor suddenly leni felt tarp church havent started talking yet say leni deep inside im happy,2022-05-07 22:43:19,0,pos
vp leni team angat buhay number people clamoring change number people critique number people rage fail deliver platform honest good governance honest government,2022-05-07 22:43:09,0,neut
happy mother dayvp leni thank u ur sacrifice philmaam tin sir sherwin thank u support vp leni sir sherwin happy birthday po god bless u long live philippine,2022-05-07 22:42:55,2,pos
yes there clip rally search fb youtube type leni dont let referring smni reporter said dont blush,2022-05-07 22:42:31,1,neut
hard go home last night ride walk hahahahaha ayala buendia lol leni president dont really lose hahahahahahahahahahaha,2022-05-07 22:42:30,0,pos
duty drive 2hrs leni,2022-05-07 22:42:22,5,neut
,2022-05-07 22:42:17,11,neut
,2022-05-07 22:42:11,0,neut
lenis supporter poor,2022-05-07 22:41:59,0,neg
pink concealer leni establishing brand still lp aquino era he one loading party people basis voting aquinos wife achievement hard work,2022-05-07 22:41:59,3,neut
president leni cutiee,2022-05-07 22:41:56,1,pos
lenis live wtached bbms curiosity didnt stay long didnt hear anything except unity really legit platform unity2x sweet nways good morning,2022-05-07 22:41:41,1,pos
spill say,2022-05-07 22:41:38,0,neut
leni lost,2022-05-07 22:41:33,0,neut
santa leni mother,2022-05-07 22:41:19,2,neut
juicekolorddifferent vp leni press freedom spoiled brat win hope dont cheatvp leni win,2022-05-07 22:41:18,0,neut
ikrr,2022-05-07 22:41:04,1,neut
dreamed vp leni,2022-05-07 22:41:02,1,neut
master btc jb touch kry 33k tb next entry tb leni hain coin,2022-05-07 22:40:43,0,neut
thought really bad big possibility philippine happy leni win opposite marcos win scary,2022-05-07 22:40:39,10,neg
feeling going rally look fun im leni kikos poster taken,2022-05-07 22:40:39,0,pos
lord let leni go please,2022-05-07 22:40:28,12,neut
dont touch rumor leni someone sign known leni thumb thimbs need clean ink tint damage also check receipt see match voted,2022-05-07 22:40:21,0,neut
thank said vp leni mind,2022-05-07 22:40:11,3,neut
really proud leni win hahaha marcos sarah let go 9,2022-05-07 22:40:11,0,pos
dont like leni supporter running besides feeling perfect point marcos crime theyre trying revise history silent allow get away marcos troll harassing leni 6 year,2022-05-07 22:40:09,0,neg
please consider vp leni sen kiko senate slate thats bet one clean track record,2022-05-07 22:40:00,1,neut
president leni,2022-05-07 22:39:50,1,neut
headline saying poised win thats mind conditioning google trend analytics predicted win duterte trump biden show leni robredo ahead number also reflected massive turnout people volunteer ground,2022-05-07 22:39:36,0,neut
even though rally makati believe vp leni win,2022-05-07 22:39:29,1,neut
happy mother day post madam leni mother,2022-05-07 22:38:57,0,pos
,2022-05-07 22:38:57,0,neut
happy mother day vp leni next president philippine thank much standing fighting u future child next generation stay alive,2022-05-07 22:38:55,0,pos
,2022-05-07 22:38:32,0,neut
like pity let let leni win,2022-05-07 22:38:32,2,neut
kapoya nyo te hey oh lage bbm leni always go let know tomorrow,2022-05-07 22:38:30,4,neut
alcohol addiction many unfair question end,2022-05-07 22:38:27,6,neg
hard work done done successful soon vp leni residing new office 6 yr,2022-05-07 22:38:25,1,pos
many volunteer watcher leni kiko dont worry im one,2022-05-07 22:38:25,2,neut
everything said true asked dont like leni say im fighting,2022-05-07 22:38:21,0,neut
,2022-05-07 22:37:59,0,neut
marcosduterte invested disinformation, Leni-Kiko invested in trust.  Trust will win.,2022-05-07 22:37:49,neut
go go go mam leni future filipino,2022-05-07 22:37:39,0,neut
might win oh bam loser leni,2022-05-07 22:37:34,0,neut
grandparent voting leni,2022-05-07 22:37:33,0,neut
feel weak cant share leni posting please huhu,2022-05-07 22:37:29,0,neg
,2022-05-07 22:37:28,0,neut
bbm money leni support,2022-05-07 22:37:19,0,neut
hope looked brain washed lenis frame huhu,2022-05-07 22:37:17,0,neg
sleepless lenikiko,2022-05-07 22:37:09,0,neut
meus sentimentos,2022-05-07 22:37:05,0,neut
lenis flower,2022-05-07 22:37:03,1,neut
world organizing event teleprompter must even sonas there always teleprompter,2022-05-07 22:36:38,0,neut
,2022-05-07 22:36:30,0,neut
track record fact leni encourages people good thing unconditionally volunteering imagine continues win,2022-05-07 22:36:21,1,pos
make sure artist vocal people vp leni really kind care country maybe others eme people bitch real life know francine maybe saying francine people even elected,2022-05-07 22:36:20,60,neut
oh beybi one hang maybe leni blamed,2022-05-07 22:36:15,2,neut
,2022-05-07 22:36:05,0,neut
tsk tsk ok lenis problem,2022-05-07 22:35:55,0,neut
hahhaahah edited yesterday many peopleand transportation paymentwe still spend fareits enough xc accept mam lenis supporter real spend really,2022-05-07 22:35:40,4,neut
,2022-05-07 22:35:39,0,neut
,2022-05-07 22:35:30,4,neut
mam leni hope sinking motherland fight continues colorr,2022-05-07 22:35:28,0,neut
lord let win pls,2022-05-07 22:35:25,0,pos
say issue actually pretty cool shut move dont trust yellow people surround leni,2022-05-07 22:35:22,0,pos
art leni win art blend mahb win,2022-05-07 22:35:21,0,neut
see,2022-05-07 22:35:20,1,neut
thought one brother leni kiko,2022-05-07 22:35:15,1,neut
bad sleep leni,2022-05-07 22:35:11,3,neg
keep sharing sc two without knowing truth dont politicize death adding caption even sharing intent giving meaning vp leni people politics people stop,2022-05-07 22:34:59,0,neg
,2022-05-07 22:34:46,0,neut
universe give leni robredo philippine please,2022-05-07 22:34:30,0,neut
cest qui mettra fin au racisme,2022-05-07 22:34:21,1,neut
kolhoun see leni ijo aabi sw amii,2022-05-07 22:34:21,0,neut
3 good number fact point isko emerge victorious election question ok marcos win yes vote isko dont like marcos lead country better give vote leni,2022-05-07 22:34:17,0,pos
,2022-05-07 22:34:15,0,neut
always duty lenikiko,2022-05-07 22:33:56,1,neut
happy mother day mama leni,2022-05-07 22:33:55,0,pos
sure leni nb bet wont win 100k pm,2022-05-07 22:33:46,0,neut
knew start could never convince parent vote leni theyve always lowkey misogynistic least ive convinced vote candidate,2022-05-07 22:33:43,4,neg
vote everyone except leni,2022-05-07 22:33:40,0,neut
let u pray god vp leni robredo win presidential election,2022-05-07 22:33:29,0,neut
oyy im shouted led led led lenikiko,2022-05-07 22:33:28,3,neut
fr fiel pareja catholic ask priest catholic church dabbling politics enough priest support leni robredo kiko pangilinan shouldnt saying mass church,2022-05-07 22:33:21,0,neut
kd kinda reminds vp leni always number 2 giaaniiss antetokouunmpoo,2022-05-07 22:33:12,0,neut
que maravilhos pedir exculpa e vir para lado certo,2022-05-07 22:33:06,0,neut
leni bbm,2022-05-07 22:32:48,0,neut
sure aleng leni lugaw also buying vote payment even expensive,2022-05-07 22:32:17,0,neut
yes ready vote vp leni kiko,2022-05-07 22:32:14,0,neut
7m new voter even leni kiko half swing voter win chicken,2022-05-07 22:32:05,120,neut
